구분,주차허용시작점,주차허용종료점,평일운영시작시간,평일운영종료시각,토요일운영시작시간,토요일운영종료,일공휴일운영시작시간,일공휴일 운영종료시간,금지차량
중구,서성네거리,공평네거리,22:00,7:00,,,,,
중구,종각네거리,공평네거리,22:00,7:00,,,,,
중구,삼덕네거리,동인네거리,21:00,6:50,,,,,
중구,계산오거리,서성네거리,23:00,7:00,,,,,
중구,반고개 네거리,계산 오거리,22:00,7:00,,,,,
동구,신암동 공고네거리,파티마 삼거리 교차로 ,22:00,6:50,,,,,
동구,동촌 네거리,동촌 초등 삼거리,20:30,6:50,,,,,
동구,큰고개 오거리,입석 네거리,22:00,7:00,,,,,
동구,청구 네거리,신천 네거리,21:00,7:00,21:00,7:00,0:00,0:00,
동구,복현 네거리,큰고개 오거리,21:00,7:00,,,,, 화물 2톤 이상 차량
서구,두류네거리,신평리 네거리,23:00,7:00,,,,,
서구,죽전 네거리,두류 네거리,22:00,7:00,,,,,
서구,원대 네거리,달성초등네거리,21:00,7:00,,,,,1.3톤이상화물자동차 15인 이상승합차
서구,새방 지하차도,중리 네거리,10:00 21:00,17:00 07:00 (노상주차장제외),0:00,0:00,0:00,0:00,
서구,평리 네거리,북비산 네거리,12:00 21:00,13:00 07:00 (노상주차장제외),12:00 21:00,13:00 07:00,0:00,0:00,
남구,현충삼거리,대명동553-5,22:00,7:00,,,,,
남구,두류공원 네거리,대명복개로 앞,11:00 20:00,14:00 07:00,11:00 20:00,14:00 07:00,0:00,0:00,
남구,관문시장,서부정류장,23:00,6:00,,,,,
남구,남대구등기소,두류공원 네거리,11:00 20:00,14:00 07:00 (노상주차장항시허용),11:00 20:00,14:00 07:00,0:00,0:00,
남구,영남불교대학,,22:00,7:00,,,,,
북구,복현오거리,복현초등학교 네거리,11:00 21:00,13:00 07:00,0:00,0:00,0:00,0:00,
북구,엑스코,산격동 우편집중국,11:00 20:00,16:00 07:00,11:00 20:00,16:00 07:00,0:00,0:00,1.4톤초과화물 30인초과승합차 (1.5톤 이하조업화물차량 15분내 항시허용)
북구,만평네거리,노원3가 1038-3 GS25시 앞,11:00 20:00,15:00 07:00,11:00 20:00,15:00 07:00,0:00,0:00,
북구,고성지구대,침산 네거리,21:00,7:00,,,,,
북구,원대 오거리,오봉 오거리,22:00,7:00,,,,,
수성구,중동 네거리,들안길 네거리,11:30 20:30,14:00 06:50 ,11:30 20:30,14:00 06:50,0:00,0:00,
수성구,희망로 네거리,들안길 네거리,11:30 20:30,14:00 06:50,11:30 20:30,14:00 06:50,0:00,0:00,
수성구,중동 들안길 네거리,황금네거리,11:30 21:00,14:00 06:50,,,,,
수성구,만촌 네거리,황금 고가교 네거리,11:00 20:00,14:00 07:00,11:00 20:00,14:00 07:00,0:00,0:00,1.5톤초과화물 30인초과승합차
수성구,지산 네거리,느티나무 네거리,10:00 20:00,16:00 07:00,10:00 20:00,16:00 07:00,0:00,0:00,1.5톤이상 화물차량
달서구,본리네거리,와룡네거리,12:00 22:00,14:00 07:00,12:00 22:00,14:00 07:00,0:00,0:00,(1.5톤이하 조업화물차량 15분내 항시허용)
달서구,본리동 119안전센타,성당중학교 네거리,22:00,7:00,0:00,0:00,0:00,0:00,1.4톤이상화물차 승합30인승승합차
달서구,성서 국민체육센타,성서 공원 전체,09:00 20:00,17:00 07:00,0:00,0:00,0:00,0:00,1.5톤이상 차량
달서구,성서 네거리,용산동 홈플러스,23:00,6:00,,,,,
달서구,진천네거리,상인동 외환은행 월배역지점 네거리 교차로,12:00 21:00,15:00 07:00,12:00 21:00,15:00 07:00,0:00,0:00,
달성군,성천로 대경펌프,성천로 세운종합재활용,09:00 19:00,17:00 07:00,0:00,0:00,0:00,0:00,1.4톤초과 화물차 30인초과승합차 (1.4톤 이하 조업화물차량15분내 항시허용) 
달성군,명천로화원중앙교회,명천로 화원노인회관(화원읍 천내리 873-1),09:00 19:00,17:00 07:00,0:00,0:00,0:00,0:00,1.4톤초과 화물차 30인초과승합차 (1.4톤 이하 조업화물차량15분내 항시허용) 
달성군,화암로 명곡우체국,화암로 명곡4단지 404동 앞(화원읍 명곡리 139),09:00 19:00,17:00 07:00,0:00,0:00,0:00,0:00,1.4톤초과 화물차 30인초과승합차 (1.4톤 이하 조업화물차량15분내 항시허용) 
달성군,코스모스막창,명천로 돈까스클럽,09:00 19:00,17:00 07:00,0:00,0:00,0:00,0:00,1.4톤초과 화물차 30인초과승합차 (1.4톤 이하 조업화물차량15분내 항시허용) 
달성군,창성텍스타일,하이카프라자(화원읍 설화리 553-5),09:00 19:00,17:00 07:00,0:00,0:00,0:00,0:00,1.4톤초과 화물차 30인초과승합차 (1.4톤 이하 조업화물차량15분내 항시허용) 
